observation_date,IZ32621,PCU3262132621,General.First.Unit.of.Quantity,General_Cif_Imports_value,hsPrice
2000-01-01,NA,100.7,12108405,423387616,34.966423405890374
2000-02-01,NA,99.5,11444971,408995314,35.73581042712996
2000-03-01,NA,100.2,12161965,451038567,37.08599449184404
2000-04-01,NA,100.8,11558210,430843801,37.27599697531019
2000-05-01,NA,99.3,12728350,455406623,35.77892051994171
2000-06-01,NA,100.9,12682810,432802670,34.12514024888806
2000-07-01,NA,101,11731642,419808734,35.784311693111675
2000-08-01,NA,100.3,12164012,418896194,34.43733810851222
2000-09-01,NA,100.4,10823805,370278882,34.209677835105126
2000-10-01,NA,100.5,11309064,383620572,33.921513929004206
2000-11-01,NA,100.7,10726441,366022688,34.12340477144283
2000-12-01,NA,100.7,9642187,328462367,34.06513138564934
2001-01-01,NA,100.8,10812178,342910053,31.715169043646895
2001-02-01,NA,101.1,8762991,316078024,36.06965064782105
2001-03-01,NA,101.5,10409158,363534663,34.924502346875705
2001-04-01,NA,101.1,10653715,354950658,33.31707840879918
2001-05-01,NA,100.8,11118682,364914317,32.81992568903401
2001-06-01,NA,101.2,10793835,376040589,34.83846000981116
2001-07-01,NA,102,10405525,376882662,36.21947590342631
2001-08-01,NA,101.1,10500547,370220355,35.25724469401451
2001-09-01,NA,101.4,9587705,340368347,35.500502675040586
2001-10-01,NA,102.3,10277511,382449254,37.21224467675101
2001-11-01,NA,103.1,9843303,360395324,36.61325106013703
2001-12-01,NA,102,9334488,339473354,36.36764587409615
2002-01-01,NA,101.3,10274637,340312000,33.121559428328226
2002-02-01,NA,102.3,9933595,358290693,36.06858272357591
2002-03-01,NA,103,11176210,409981094,36.68337423867304
2002-04-01,NA,103,12862067,422217489,32.82656582336261
2002-05-01,NA,103,12829906,438675066,34.19160405384108
2002-06-01,NA,103,12659107,425713660,33.629043502041654
2002-07-01,NA,102.8,12317722,444387254,36.07706473648293
2002-08-01,NA,102.8,12375656,422652737,34.151946127138636
2002-09-01,NA,102.8,11540746,397490335,34.44234324193601
2002-10-01,NA,102.8,11017839,380914184,34.572495023751934
2002-11-01,NA,102.8,11309655,386348616,34.160955042395194
2002-12-01,NA,102.8,13347146,428063640,32.07154847935281
2003-01-01,NA,104.8,12653496,429527760,33.945382367054926
2003-02-01,NA,105.4,11723841,401828089,34.27444034766422
2003-03-01,NA,105.4,13720179,465256190,33.910358603922006
2003-04-01,NA,105.2,14217629,475324141,33.432025902490494
2003-05-01,NA,105.2,13337801,443023882,33.21566141225229
2003-06-01,NA,105.1,13858140,474596190,34.24674523420892
2003-07-01,NA,105.7,14250782,491515951,34.49045469925791
2003-08-01,NA,105.7,11803005,431368199,36.54731985625695
2003-09-01,NA,105.9,12183519,447431898,36.72435673141725
2003-10-01,NA,106.4,12053963,453136142,37.592295745390956
2003-11-01,NA,106.4,11927495,423383199,35.4964054900044
2003-12-01,NA,106.4,13777787,486486805,35.30950253476846
2004-01-01,NA,107.3,12704138,458432852,36.08531739815798
2004-02-01,NA,110.6,11999386,454217462,37.85339199855726
2004-03-01,NA,109.9,15241352,563713875,36.9858182528689
2004-04-01,NA,109.9,14635035,540016968,36.898918793156284
2004-05-01,NA,109.5,15008281,555414936,37.00723194081987
2004-06-01,NA,111.1,15189454,560870446,36.92499058886514
2004-07-01,NA,110.6,14665293,553659742,37.75306378126915
2004-08-01,NA,111,14393169,555391433,38.587154295207675
2004-09-01,NA,111,13781761,536315232,38.91485507548709
2004-10-01,NA,111.7,14123433,570489174,40.39309521983784
2004-11-01,NA,111.7,14619494,586820063,40.1395604389591
2004-12-01,NA,111.7,15403981,596233135,38.7064314737859
2005-01-01,NA,114.2,14725797,580046699,39.38983397638851
2005-02-01,NA,114.7,14218209,574368867,40.39671009196728
2005-03-01,NA,114.9,15802116,678554465,42.94073432950372
2005-04-01,NA,114.5,16549632,690347360,41.71375895246492
2005-05-01,NA,114.6,16122374,693731406,43.02911010500067
2005-06-01,NA,117,16105384,705947979,43.83304235403515
2005-07-01,NA,118.1,15149926,680910701,44.944820258528
2005-08-01,NA,118.1,15541389,705290993,45.38146448814839
2005-09-01,NA,118,13780706,631170841,45.80105264563368
2005-10-01,NA,118.4,14757754,686136578,46.493292814069136
2005-11-01,NA,119.2,14492018,684420022,47.227378685287306
2005-12-01,100,121,15205102,686716460,45.16355496990418
2006-01-01,100.3,120.3,16234638,726191117,44.73097071828765
2006-02-01,100.4,120.4,13854152,650194355,46.931371548399355
2006-03-01,101.4,120.9,17311324,787782331,45.50676372298271
2006-04-01,102.2,121.1,16527651,773012785,46.77088020554161
2006-05-01,102.2,122.5,17228989,790147352,45.86150423568092
2006-06-01,103.2,122.6,16803032,778891008,46.35419417162331
2006-07-01,103.9,124.9,16029591,759492061,47.38062630543724
2006-08-01,106,125,16288636,772403419,47.41977284040235
2006-09-01,107.6,125.8,14124555,683772212,48.4101773117808
2006-10-01,107.4,127.3,15650415,734767705,46.94876813170769
2006-11-01,107.8,127.5,15503721,741537009,47.829615161418346
2006-12-01,107.8,127.5,15346491,731931601,47.693743214654084
2007-01-01,107.6,127.2,16474485,786685434,47.75174665551002
2007-02-01,107.8,127.3,14457453,687429364,47.548441900520096
2007-03-01,108.6,127.3,16267746,785877155,48.30891476913888
2007-04-01,108.7,126.6,16901193,815145123,48.23003458986594
2007-05-01,108.7,127.7,16488190,815529071,49.46140667956883
2007-06-01,108.7,128.1,17022205,838519903,49.26035745662797
2007-07-01,109.7,128.8,17410619,866618801,49.77530098154465
2007-08-01,109.9,128.8,16246864,823344040,50.677105440163714
2007-09-01,109.6,128.8,15720203,769247599,48.93369373156314
2007-10-01,110.5,129.8,16596220,823152851,49.59881533264804
2007-11-01,110.8,130.8,16889769,839642725,49.71309702341104
2007-12-01,111.2,131.9,16349399,842363929,51.522623492154054
2008-01-01,111.7,132.6,15790430,795978367,50.408910143675634
2008-02-01,111.8,134.2,15364104,785034502,51.095365014451865
2008-03-01,112.2,136.4,16885807,868980460,51.462181227109845
2008-04-01,112.3,135.2,17736335,907333083,51.15674027356835
2008-05-01,113.8,136.5,17401734,871932757,50.10608465800017
2008-06-01,114.4,139.1,16532495,844974661,51.10992992890668
2008-07-01,116.5,141,16223512,836830303,51.58132856806837
2008-08-01,116.6,141.5,15264213,809022895,53.00128444224409
2008-09-01,117.2,141.8,15883081,852961481,53.70252037372346
2008-10-01,118.4,148.3,15742667,851785811,54.10683024674282
2008-11-01,118.4,148.3,14960921,805180251,53.81889597572235
2008-12-01,119,147.1,13726660,743754880,54.18323758292257
2009-01-01,121.4,147.1,11157525,634553454,56.87224129007105
2009-02-01,121.4,146.7,10581145,573115536,54.163848619407446
2009-03-01,122.2,144.2,12774329,700896679,54.86759257570397
2009-04-01,121.7,142.3,12816541,657102150,51.26985120244222
2009-05-01,121.7,142.4,13290208,671158171,50.50020067406018
2009-06-01,121.7,141.5,14035039,716465696,51.04835804161285
2009-07-01,121.6,140.7,14886318,734855313,49.364477703620196
2009-08-01,121.6,140.7,15239032,751886144,49.33949505454152
2009-09-01,121.6,140.7,15163541,767272606,50.599830606848364
2009-10-01,121.3,145,12366832,689080195,55.72002554898457
2009-11-01,121.4,145,12513604,693504964,55.42008233599209
2009-12-01,121.5,145.1,13907921,730601917,52.53135367967649
2010-01-01,123.3,145.2,13544501,704920042,52.04474066634127
2010-02-01,123.2,145.3,12469172,701266123,56.23999115578805
2010-03-01,123.6,145.3,15602337,837229738,53.66053418792326
2010-04-01,123,148.2,15661352,876843385,55.98771964259535
2010-05-01,125.9,148.1,16001253,845795212,52.8580613030742
2010-06-01,127,152.3,17745199,975244851,54.95823692932381
2010-07-01,127.8,152.4,17610332,945740236,53.70371416052804
2010-08-01,128,152.4,18238893,1025775302,56.24109434711855
2010-09-01,128.4,152.5,17363508,999804095,57.58076622535032
2010-10-01,129,153.6,16899973,989799580,58.56811605557003
2010-11-01,129.2,155.8,16880123,1031707651,61.11967614217029
2010-12-01,129.5,155.8,16883915,1037161748,61.42898421367319
2011-01-01,133.5,157.8,16218114,996352058,61.434520561392034
2011-02-01,133.7,159.2,15004722,971174153,64.72456823925161
2011-03-01,135,163.2,17187048,1178070434,68.54408238110466
2011-04-01,139.6,166.8,16354824,1086796167,66.45110745306705
2011-05-01,140.6,168.1,17590572,1168392026,66.42149135343638
2011-06-01,140.9,168.3,17860155,1187218152,66.4730038457113
2011-07-01,144.9,168.9,16891577,1166725948,69.07146372419817
2011-08-01,145.2,171.4,17495792,1211560525,69.24868134006165
2011-09-01,145.6,171.3,15134580,1128055796,74.53499178702019
2011-10-01,148.2,171.1,14947934,1121808364,75.04771990564048
2011-11-01,148.5,173.1,15783657,1156970454,73.30179906975931
2011-12-01,148.4,173.8,15739380,1172531476,74.49667496432515
2012-01-01,153.4,174,17127290,1241012376,72.45818667168011
2012-02-01,153.3,174.1,14997958,1146991780,76.47652967157262
2012-03-01,152.7,174.3,17285913,1290361942,74.64817982133776
2012-04-01,152.5,174.2,17511392,1308244154,74.7081759120006
2012-05-01,152.5,174,18366542,1289986997,70.23570343290534
2012-06-01,152.3,173.8,17812047,1278150025,71.75761578666393
2012-07-01,151.9,173.8,18085483,1286169518,71.11612766991072
2012-08-01,152.4,174,16155070,1199466555,74.24706640082648
2012-09-01,152.5,173.8,15356553,1145394600,74.5866992416853
2012-10-01,152.1,172.4,17677748,1284665233,72.6713172401824
2012-11-01,151.9,172.2,16547535,1179596364,71.28532219451417
2012-12-01,151.7,172.1,15872263,1119443061,70.52825806880846
2013-01-01,148.7,171.3,18342136,1232134679,67.17509231204043
2013-02-01,148.5,171.2,16477854,1104422307,67.0246445319882
2013-03-01,147.8,172.2,16949688,1184147658,69.86250472575071
2013-04-01,146.7,171.1,19589128,1307701281,66.75648252438802
2013-05-01,146.3,170.4,19160541,1274617574,66.52304723546168
2013-06-01,145.2,170.3,19738190,1269388640,64.31129906034951
2013-07-01,143.7,170.7,20533907,1336444256,65.08475255098799
2013-08-01,142.8,170.6,20366246,1311155121,64.3788315725932
2013-09-01,141.1,169.3,18854396,1214550295,64.4173536505757
2013-10-01,140.4,169.2,19080990,1233742263,64.65818927634258
2013-11-01,140.6,171.1,18357498,1182356065,64.40725555301708
2013-12-01,140.7,170.8,18220856,1153503633,63.30677510430904
2014-01-01,138.3,169.1,19930547,1199979062,60.20803453111448
2014-02-01,137.8,169,16646846,1084847346,65.16834155851505
2014-03-01,137.5,168.3,20396738,1315029818,64.47255526839635
2014-04-01,137,167,20116616,1301815735,64.71345553347541
2014-05-01,136.3,167,20547267,1299407162,63.2399025135557
2014-06-01,136,167.1,21463315,1338147946,62.3458187143971
2014-07-01,132,167.1,21739106,1337178544,61.51028216155715
2014-08-01,132,167.1,20712328,1309259579,63.21160899923949
2014-09-01,132.2,167.1,20374272,1279250564,62.78754715751316
2014-10-01,132,165.4,20814604,1308324765,62.85609685392045
2014-11-01,133,165.3,18681979,1210417537,64.79064862453812
2014-12-01,134.2,165.4,17177283,1122048567,65.32165575894628
2015-01-01,130.6,166.1,17958427,1149394891,64.00309397922213
2015-02-01,129.9,165.6,13811560,920251692,66.62909128295428
2015-03-01,129.7,165.7,19520242,1251503243,64.11310080069704
2015-04-01,129,165.5,22286192,1389299610,62.33903082231365
2015-05-01,128.9,165.6,22247702,1325816645,59.59341980578488
2015-06-01,128.7,165.9,23784782,1407405784,59.17253242009954
2015-07-01,127.3,165.5,24137146,1396852462,57.87148414315429
2015-08-01,127.3,165.3,20244135,1212284271,59.883233884777
2015-09-01,127.4,165.4,19990633,1180552843,59.05530070008288
2015-10-01,127,162,19502003,1161801275,59.57343330323557
2015-11-01,126.5,161.8,19417832,1162307398,59.85773272731992
2015-12-01,125.8,161.5,19316605,1170904439,60.616471631531525
2016-01-01,125.1,162.8,18627955,1094247177,58.74220637745797
2016-02-01,125.5,162.7,17846854,1075787751,60.27884527995803
2016-03-01,124.2,162.6,20284822,1237690184,61.01558022052153
2016-04-01,123.5,162.6,19557054,1155045886,59.06032094608933
2016-05-01,124,162.4,20442312,1176115393,57.5333843353922
2016-06-01,124.2,162.5,20117551,1203479439,59.82236302023045
2016-07-01,126,162.7,19968712,1111386682,55.656402976816935
2016-08-01,126.2,162.7,21305460,1220303828,57.27657736561426
2016-09-01,125.9,162.8,17699064,1028429655,58.10644308648186
2016-10-01,125.3,162.7,18325703,1066266996,58.184234241927854
2016-11-01,125.5,162.7,20148642,1158167772,57.481182702040165
2016-12-01,125.4,162.7,20943091,1195366324,57.07688153577712
2017-01-01,125.4,161.3,20476648,1141605885,55.751599822392805
2017-02-01,125.1,161.9,17263528,993817404,57.56745689525339
2017-03-01,126.5,162.4,20691920,1199666037,57.97751185003615
2017-04-01,128.2,162.5,18745871,1083272390,57.78725299027183
2017-05-01,128.2,165.4,21821852,1254958174,57.50924229529189
2017-06-01,127.3,164.7,20608516,1212686957,58.84397289935869
2017-07-01,125.2,164.7,20258136,1200065455,59.238690815384004
2017-08-01,125.8,165.8,20591949,1250448768,60.72512941829839
2017-09-01,125.9,165.8,18653448,1140033778,61.116517332345204
2017-10-01,125.8,166.2,19442432,1212188600,62.34758079647649
2017-11-01,125.1,166.6,19968911,1245424025,62.36814941986571
2017-12-01,125.1,165.4,19572922,1212700031,61.95804750052138
2018-01-01,124.7,166.6,20499988,1225116252,59.76180337276295
2018-02-01,126,166.3,18559512,1127767884,60.7649535181744
2018-03-01,125.8,166.3,19448406,1265802305,65.0851439958627
2018-04-01,127.1,166.7,20022076,1249230215,62.3926417520341
2018-05-01,127.1,166.6,19814578,1246740978,62.92039012892427
2018-06-01,127.1,166.4,19464705,1246194942,64.02331512345037
2018-07-01,126.6,166.4,20393531,1260545586,61.81105106320235
2018-08-01,126.6,167,20378112,1295940004,63.594704161013546
2018-09-01,126.4,167.2,18238711,1170613912,64.18293003271997
2018-10-01,126.1,168.9,21955284,1383367285,63.008398570476245
2018-11-01,126.2,168.3,21375981,1340669837,62.71851743318821
2018-12-01,126,168.4,23302523,1450930807,62.264966201299316
2019-01-01,125.5,170.2,21322685,1334775937,62.59886768481549
2019-02-01,125.4,169.5,18215757,1147010446,62.96803618976691
2019-03-01,125.4,170.4,21393248,1389874206,64.96789108414019
2019-04-01,125.4,169.5,20140052,1275469866,63.330018512365314
2019-05-01,125.3,169,21502887,1335538250,62.10971810436431
2019-06-01,125.6,168.5,19386337,1232761721,63.58920310732244
2019-07-01,124.1,169.1,21988394,1369311106,62.27426641527344
2019-08-01,124.1,168.7,21287689,1304631746,61.285738719689114
2019-09-01,124.2,169.4,19801549,1208935968,61.0525958348006
2019-10-01,125.9,169.4,21946547,1374945279,62.649731595589955
2019-11-01,125.7,170.2,19389935,1228068926,63.33538126868398
2019-12-01,125.3,169.5,20589288,1265841199,61.48057179053496
2020-01-01,125.1,168.9,20019502,1214685429,60.6751071530151
2020-02-01,125.1,170.1,17624882,1110239672,62.992743554254716
2020-03-01,124.9,170.1,20888280,1328240453,63.58783265065386
2020-04-01,124.7,171.4,17279524,1058269381,61.24412807899107
2020-05-01,124.8,171.2,11678461,691400351,59.203036341860454
2020-06-01,124.5,171.1,12400934,733397145,59.140476435081425
2020-07-01,124.7,171.1,18133384,1014464398,55.94457151516782
2020-08-01,124.3,171.1,22515381,1244010772,55.25159765228934
2020-09-01,123.6,171.1,23958541,1336678241,55.79130386111575
2020-10-01,123.1,170.9,24912569,1440323745,57.81514323151498
2020-11-01,123.3,170.8,23939478,1434982866,59.942111770356895
2020-12-01,123.3,170.8,24587284,1446055405,58.81314117492603
2021-01-01,122.8,172.6,22656059,1365106852,60.25350004605832
2021-02-01,124.3,173,18214949,1098798365,60.323988005676
2021-03-01,124.1,172.7,24042904,1441448634,59.95318344239947
2021-04-01,123.9,173.3,23741948,1416835970,59.676483580875505
2021-05-01,123.6,174.9,23835659,1453819599,60.99347196567966
2021-06-01,123.6,176.2,23298763,1418823419,60.89694199644848
2021-07-01,125.8,181.087,22264220,1433801925,64.39937824006411
2021-08-01,131.2,182.158,23464719,1491417634,63.56000402135649
2021-09-01,131.4,183.039,22222247,1455460752,65.4956608123382
2021-10-01,131.7,183.618,22752683,1488432114,65.41787243289066
2021-11-01,132.7,185.846,22226911,1529678633,68.82101759439267
2021-12-01,132.8,186.557,23991619,1623889070,67.6856809871814
2022-01-01,133.5,192.317,22914114,1568330034,68.44384356296734
2022-02-01,136.2,194.099,21157030,1450743489,68.57028084754808
2022-03-01,137.4,195.263,25574263,1774602579,69.39017476280743
2022-04-01,142.2,202.294,26946183,1884310746,69.9286702684384
2022-05-01,145.2,203.482,28932486,2090094066,72.24038978192195
2022-06-01,147.1,204.469,26874004,2024871708,75.34685594301467
2022-07-01,148.2,207.549,24343844,1956684450,80.37697127865262
2022-08-01,147.9,209.001,25142511,2012947108,80.06149855119881
2022-09-01,150.1,209.788,21597716,1830555495,84.75690184091688
2022-10-01,150.7,211.521,21548210,1847300506,85.72872206090436
2022-11-01,149.9,212.533,18718871,1652828178,88.29742872847406
2022-12-01,149.8,213.54,18591967,1588926835,85.46308386842554
2023-01-01,151.3,220.227,18759592,1562663180,83.29942250343184
2023-02-01,151.5,220.209,16447603,1354531180,82.35432117372969
2023-03-01,150.6,220.479,20591524,1693598888,82.24737945574111
2023-04-01,152.2,220.406,20909473,1642142913,78.53583459516173
2023-05-01,155.6,218.892,20765955,1583763303,76.26729919235595
2023-06-01,155.7,218.59,20683104,1577690577,76.2791976001281
2023-07-01,155.6,218.334,21478073,1639940963,76.35419448476593
2023-08-01,155.8,218.317,22507143,1704990947,75.75332626624356
2023-09-01,156.5,218.14,22190065,1653838364,74.53057771574801
2023-10-01,156.2,217.926,24757825,1785466869,72.11727480099727
2023-11-01,156.1,217.847,22516910,1665659988,73.97373742667178
2023-12-01,157.5,217.867,22605642,1647880950,72.89688786542757
2024-01-01,155.8,217.847,22920879,1668848334,72.80908965140473
2024-02-01,155.7,217.869,22368470,1656169768,74.04036878695771
2024-03-01,156.2,217.652,23179975,1755609703,75.73820519651122
2024-04-01,156.8,217.709,23364474,1757108940,75.20430119676566
2024-05-01,156.2,216.589,21991530,1656920305,75.34356659131947
2024-06-01,156.5,215.929,20596064,1531842090,74.37547727565811
2024-07-01,156.9,216.556,23132190,1678290271,72.55215658353143
2024-08-01,157.2,216.417,22689608,1652195898,72.81729582987947
2024-09-01,157.1,216.472,23888584,1663398328,69.6315163761904
2024-10-01,155.6,216.187,23642292,1670493210,70.6569908704283
2024-11-01,154.9,215.701,22508653,1642997410,72.99403522725238
2024-12-01,154.8,215.42,22645015,1637493309,72.3114252297912
2025-01-01,154.1,216.835,22944712,1662451503,72.45466855282385
2025-02-01,153.7,217.18,21583734,1585685180,73.46667541399464
2025-03-01,151,217.418,26210682,1899769716,72.48074338546398
2025-04-01,151.4,217.71,26618362,1902592512,71.47669387019381
2025-05-01,151.7,218.163,23681753,1778793456,75.11240641687294
2025-06-01,151.8,217.783,22492800,1678971145,74.64482612213686
2025-07-01,150.2,220.33,25628056,1803146540,70.35830341560046
2025-08-01,149.8,222.261,25013846,1756006291,70.20137131251228
2025-09-01,149.4,221.821,23447815,1591850855,67.88909137162673
2025-10-01,NA,222.272,22865626,1575507113,68.90286375715233
2025-11-01,148,222.684,23200876,1595265820,68.75886151884954
2025-12-01,147.4,222.539,23166479,1600501650,69.08696181236691
2026-01-01,148.2,225.852,23632672,1547284128,65.47224655764697
2026-02-01,147.1,224.852,20232255,1344589084,66.45769757251477
2026-03-01,145.7,223.463,24321080,1659273209,68.22366477968906
